,Name,up,down,train_per,train_occ,2018_per,2018_occ,2019_per,2019_occ,2020_per,2020_occ,2021_per,2021_occ,2022_per,2022_occ,test_per,test_occ
11,BBNs,46,39,0.54,85,0.82,11,0.56,16,0.8,15,0.57,7,0.67,12,0.6885245901639344,61
25,BBbm,67,44,0.6,111,0.53,30,0.75,20,0.59,27,0.5,14,0.5,10,0.5841584158415841,101
41,BBmn,76,73,0.51,149,0.65,17,0.6,25,0.62,21,0.67,12,0.59,22,0.6185567010309279,97
56,BLMn,13,11,0.54,24,0.6,5,0.8,5,0.5,10,0.7,10,0.75,8,0.6578947368421053,38
65,BLPm,16,15,0.52,31,0.75,4,0.57,7,0.56,9,0.7,10,0.56,9,0.6153846153846154,39
88,BMNl,13,13,0.5,26,1.0,1,1.0,3,0.5,8,0.5,6,0.86,7,0.68,25
89,BMPM,49,49,0.5,98,0.57,21,0.75,16,0.5,16,0.52,31,0.57,28,0.5714285714285714,112
98,BMbH,19,16,0.54,35,0.67,6,0.75,8,0.62,8,0.57,7,0.56,9,0.631578947368421,38
118,BMnI,13,12,0.52,25,0.5,2,1.0,1,0.5,2,1.0,2,0.5,2,0.6666666666666666,9
122,BMnm,74,51,0.59,125,0.52,23,0.62,21,0.62,16,0.74,19,0.62,26,0.6190476190476191,105
126,BMtP,13,11,0.54,24,0.75,4,1.0,2,0.5,4,0.67,3,1.0,2,0.7333333333333333,15
136,BNLb,14,13,0.52,27,0.71,7,0.75,4,0.5,6,0.6,10,0.67,6,0.6363636363636364,33
139,BNMj,14,7,0.67,21,0.6,5,0.67,3,1.0,1,0.75,4,1.0,2,0.7333333333333333,15
152,BNPb,52,51,0.5,103,0.62,24,0.57,35,0.56,52,0.52,29,0.71,34,0.5919540229885057,174
175,BNlm,29,15,0.66,44,0.67,6,0.75,4,0.67,12,1.0,6,0.5,8,0.6944444444444444,36
188,BNnl,25,16,0.61,41,0.78,9,0.6,10,0.5,12,0.71,7,0.61,18,0.625,56
194,BPBS,24,21,0.53,45,0.6,10,0.54,13,0.62,13,0.62,8,0.5,10,0.5740740740740741,54
199,BPHm,18,14,0.56,32,0.6,10,1.0,3,0.8,5,0.5,4,0.8,5,0.7037037037037037,27
206,BPMl,20,15,0.57,35,0.5,8,0.6,10,0.59,17,0.5,18,0.6,15,0.5588235294117647,68
235,BPlP,23,14,0.62,37,0.58,12,0.58,19,0.52,25,0.57,14,0.6,15,0.5647058823529412,85
245,BPms,61,44,0.58,105,0.53,15,0.5,20,0.5,8,0.5,6,0.64,11,0.5333333333333333,60
257,BSBn,34,33,0.51,67,0.67,18,0.57,14,0.62,8,0.78,9,0.64,11,0.65,60
265,BSNP,36,27,0.57,63,0.62,16,0.5,8,0.86,14,0.57,14,0.54,13,0.6307692307692307,65
270,BSPm,45,30,0.6,75,0.79,14,0.53,17,0.64,14,0.6,5,0.69,13,0.6507936507936508,63
321,BbNm,81,56,0.59,137,0.68,31,0.58,24,0.64,22,0.65,17,0.64,14,0.6388888888888888,108
330,BbPs,42,38,0.52,80,0.5,16,0.55,11,0.63,19,0.61,18,0.53,19,0.5662650602409639,83
337,Bbbl,17,7,0.71,24,0.6,5,0.57,7,0.67,6,0.62,8,0.71,7,0.6363636363636364,33
352,BbsB,18,16,0.53,34,0.5,6,0.67,6,0.6,10,0.75,4,0.67,3,0.6206896551724138,29
357,Bbsm,35,27,0.56,62,0.5,8,0.5,10,0.85,13,0.67,6,1.0,6,0.6976744186046512,43
365,BjNB,12,9,0.57,21,0.6,5,0.5,6,0.5,4,0.5,2,0.8,5,0.5909090909090909,22
370,BjPN,15,13,0.54,28,0.71,7,0.7,10,0.54,13,0.5,8,0.67,9,0.6170212765957447,47
372,BjPm,22,12,0.65,34,0.67,6,0.88,8,0.56,9,0.56,9,0.75,4,0.6666666666666666,36
439,BmMl,21,16,0.57,37,0.5,4,0.5,4,0.5,4,0.67,3,0.67,3,0.5555555555555556,18
461,BmSm,52,41,0.56,93,0.73,15,0.77,13,0.67,9,0.5,6,0.5,4,0.6808510638297872,47
463,BmSs,56,54,0.51,110,0.5,16,0.5,18,0.5,18,0.55,11,0.55,11,0.5135135135135135,74
504,BnIM,16,13,0.55,29,1.0,2,0.5,8,0.67,3,0.5,2,0.5,2,0.5882352941176471,17
534,BnPm,103,77,0.57,180,0.55,40,0.62,42,0.63,30,0.56,36,0.52,40,0.574468085106383,188
554,BnmP,62,63,0.5,125,0.62,47,0.66,38,0.55,33,0.52,31,0.53,38,0.5775401069518716,187
557,Bnmm,63,53,0.54,116,0.61,38,0.5,28,0.5,14,0.62,8,0.71,17,0.580952380952381,105
588,BsMm,32,26,0.55,58,0.55,11,0.75,8,0.62,8,0.5,4,0.67,12,0.627906976744186,43
614,Bsbb,27,18,0.6,45,0.5,8,0.78,9,0.57,14,0.53,17,0.57,7,0.5818181818181818,55
628,Bsns,27,27,0.5,54,0.62,8,0.5,8,0.6,5,0.5,2,0.56,9,0.5625,32
695,DSNm,15,12,0.56,27,0.67,3,0.5,4,0.5,2,1.0,1,1.0,1,0.6363636363636364,11
742,HBMm,28,19,0.6,47,0.91,11,0.7,10,0.67,3,0.56,9,0.8,5,0.7368421052631579,38
755,HBbP,23,18,0.56,41,0.75,8,0.62,13,0.56,9,0.67,6,0.6,5,0.6341463414634146,41
769,HBsH,12,9,0.57,21,0.5,2,0.67,3,0.5,4,0.5,2,0.75,4,0.6,15
788,HMPm,31,17,0.65,48,0.67,15,0.55,11,0.6,10,0.71,14,0.6,20,0.6285714285714286,70
791,HMSN,18,11,0.62,29,0.5,4,0.5,4,0.8,5,0.5,6,0.75,4,0.6086956521739131,23
792,HMSP,17,13,0.57,30,0.7,10,0.5,6,0.71,7,0.67,3,1.0,3,0.6896551724137931,29
801,HMbm,26,24,0.52,50,0.5,10,0.5,4,0.67,3,0.86,7,0.5,10,0.5882352941176471,34
803,HMhB,18,14,0.56,32,0.6,5,0.75,4,0.67,3,0.5,6,1.0,1,0.631578947368421,19
819,HMnn,48,36,0.57,84,0.64,11,0.62,8,0.6,15,0.64,11,0.6,20,0.6153846153846154,65
822,HMsP,24,11,0.69,35,0.5,8,0.5,4,0.57,7,0.75,4,0.6,5,0.5714285714285714,28
824,HMsm,25,25,0.5,50,1.0,2,0.5,4,0.67,3,1.0,2,0.5,8,0.631578947368421,19
856,HNnB,20,19,0.51,39,0.67,6,0.6,10,0.5,4,0.57,7,0.86,7,0.6470588235294118,34
878,HPMm,37,31,0.54,68,0.53,17,0.5,18,0.64,14,0.5,8,0.62,13,0.5571428571428572,70
889,HPPN,23,20,0.53,43,0.5,10,0.55,11,0.64,11,0.67,21,0.58,12,0.6,65
907,HPbn,15,13,0.54,28,0.5,4,0.6,5,0.69,13,0.5,10,0.54,13,0.5777777777777777,45
911,HPmP,35,33,0.51,68,0.73,11,0.54,13,0.69,13,0.62,8,0.71,14,0.6610169491525424,59
957,HSbb,15,14,0.52,29,0.6,5,0.57,7,0.6,5,1.0,1,0.8,10,0.6785714285714286,28
1001,HbbP,28,28,0.5,56,0.55,11,0.67,12,0.62,8,0.57,14,0.7,10,0.6181818181818182,55
1028,HhbN,16,8,0.67,24,0.67,3,1.0,2,0.8,5,0.5,4,0.5,2,0.6875,16
1032,HhsN,14,12,0.54,26,0.5,2,0.6,5,1.0,1,1.0,1,1.0,1,0.7,10
1041,HmBm,26,18,0.59,44,0.55,11,0.5,12,0.57,7,1.0,3,0.8,5,0.6052631578947368,38
1047,HmLm,12,11,0.52,23,0.67,3,1.0,3,0.5,2,0.5,2,0.75,4,0.7142857142857143,14
1050,HmMb,19,12,0.61,31,0.75,8,0.62,8,0.5,6,0.8,5,0.6,5,0.65625,32
1060,HmPB,28,21,0.57,49,0.57,7,0.64,14,0.5,14,0.6,5,0.5,8,0.5625,48
1083,Hmnb,19,13,0.59,32,0.5,8,0.67,3,0.75,4,0.5,4,0.67,9,0.6071428571428571,28
1095,HnHP,17,15,0.53,32,0.5,4,0.5,6,0.5,4,0.5,4,0.55,11,0.5172413793103449,29
1137,Hnsm,18,17,0.51,35,0.75,4,1.0,2,0.5,6,1.0,1,0.5,6,0.631578947368421,19
1149,HsHn,28,15,0.65,43,0.8,5,0.5,6,1.0,4,0.67,9,0.78,9,0.7272727272727273,33
1156,HsMs,24,19,0.56,43,0.67,3,0.67,6,0.75,8,0.8,5,0.8,5,0.7407407407407407,27
1171,HsbP,17,17,0.5,34,0.75,4,0.71,7,0.6,5,0.64,11,0.6,5,0.65625,32
1221,LBmm,22,22,0.5,44,0.8,10,0.5,4,0.6,5,0.57,7,1.0,1,0.6666666666666666,27
1226,LBnm,31,21,0.6,52,0.71,7,0.67,6,0.5,4,0.5,2,0.78,9,0.6785714285714286,28
1229,LLnm,14,9,0.61,23,1.0,2,0.5,2,0.5,6,0.75,4,1.0,1,0.6666666666666666,15
1240,LMPN,25,22,0.53,47,0.6,10,0.5,6,0.6,15,0.55,11,0.5,16,0.5517241379310345,58
1256,LMmm,14,13,0.52,27,0.6,10,0.5,12,0.9,10,0.57,7,0.75,4,0.6511627906976745,43
1263,LNBm,19,14,0.58,33,0.67,6,0.6,5,1.0,5,1.0,5,0.57,7,0.75,28
1316,LPSm,25,12,0.68,37,0.71,7,0.67,3,0.6,10,0.5,4,0.5,8,0.59375,32
1344,LSMP,14,10,0.58,24,0.5,10,0.67,3,0.56,9,0.53,17,0.67,6,0.5555555555555556,45
1363,LSmm,18,16,0.53,34,0.6,5,0.55,11,0.75,4,0.6,5,0.5,4,0.5862068965517241,29
1370,LSsm,15,14,0.52,29,0.5,4,0.5,10,0.5,8,1.0,6,0.57,7,0.6,35
1379,LbNm,17,15,0.53,32,0.75,4,0.8,5,0.5,2,0.5,14,0.58,12,0.5945945945945946,37
1383,LbPS,14,10,0.58,24,0.5,6,1.0,5,0.6,5,0.71,14,0.5,6,0.6666666666666666,36
1405,LmBb,13,11,0.54,24,0.5,4,0.67,3,1.0,6,0.55,11,0.6,5,0.6551724137931034,29
1410,LmHb,15,8,0.65,23,0.62,8,0.5,2,0.8,5,0.5,2,0.6,5,0.6363636363636364,22
1487,LsBb,12,10,0.55,22,1.0,3,1.0,3,0.86,7,0.67,3,0.5,4,0.8,20
1529,MBBP,89,85,0.51,174,0.51,39,0.63,35,0.59,32,0.52,25,0.55,29,0.5625,160
1543,MBMn,74,72,0.51,146,0.68,28,0.57,21,0.57,21,0.67,27,0.6,25,0.6229508196721312,122
1553,MBSH,12,12,0.5,24,0.67,3,0.5,2,0.75,4,0.5,2,1.0,1,0.6666666666666666,12
1563,MBbm,68,66,0.51,134,0.52,23,0.5,30,0.53,19,0.55,20,0.56,18,0.5272727272727272,110
1565,MBjb,19,12,0.61,31,0.5,2,0.64,11,0.67,9,0.8,10,0.67,9,0.6829268292682927,41
1574,MBmb,54,44,0.55,98,0.79,14,0.67,18,0.55,11,0.5,16,0.5,22,0.5925925925925926,81
1583,MBnm,102,87,0.54,189,0.58,26,0.54,35,0.81,16,0.69,16,0.54,26,0.6050420168067226,119
1588,MBss,26,26,0.5,52,0.5,12,0.5,8,0.5,8,1.0,1,0.5,4,0.5151515151515151,33
1589,MBtm,11,11,0.5,22,1.0,3,1.0,2,1.0,3,1.0,1,0.5,6,0.8,15
1595,MDPm,16,11,0.59,27,0.64,11,0.6,5,1.0,3,1.0,1,1.0,1,0.7142857142857143,21
1608,MLNN,20,17,0.54,37,0.57,7,0.8,5,0.62,13,0.71,17,0.8,10,0.6923076923076923,52
1659,MMPm,84,66,0.56,150,0.53,34,0.53,30,0.57,21,0.63,30,0.55,22,0.5620437956204379,137
1697,MMsm,43,35,0.55,78,0.5,20,0.64,14,0.55,20,0.5,6,0.75,8,0.5735294117647058,68
1710,MNND,14,11,0.56,25,0.5,6,0.5,8,1.0,4,1.0,1,0.5,2,0.6190476190476191,21
1728,MNbb,35,33,0.51,68,0.53,17,0.5,18,0.5,10,0.53,30,0.59,34,0.5412844036697247,109
1749,MNnm,96,82,0.54,178,0.55,33,0.56,36,0.55,22,0.5,30,0.59,27,0.5472972972972973,148
1791,MPPm,111,73,0.6,184,0.5,50,0.53,53,0.6,52,0.58,36,0.53,38,0.5458515283842795,229
1795,MPSN,43,39,0.52,82,0.64,28,0.71,14,0.5,16,0.53,15,0.64,11,0.6071428571428571,84
1804,MPbl,21,15,0.58,36,0.5,6,0.57,7,0.54,13,0.57,21,0.53,19,0.5454545454545454,66
1817,MPmb,73,64,0.53,137,0.52,31,0.65,17,0.67,30,0.52,27,0.5,20,0.568,125
1829,MPsl,16,13,0.55,29,0.75,4,0.88,8,0.5,4,0.5,12,0.57,7,0.6285714285714286,35
1831,MPss,59,50,0.54,109,0.78,9,0.57,21,0.5,24,0.62,13,0.71,7,0.5945945945945946,74
1859,MSSm,76,64,0.54,140,0.69,16,0.65,26,0.71,7,0.5,10,0.5,6,0.6307692307692307,65
1866,MSbm,36,26,0.58,62,0.67,9,0.8,10,0.5,6,0.56,9,0.62,8,0.6428571428571429,42
1869,MShP,21,21,0.5,42,0.58,12,0.57,7,0.5,10,0.64,11,0.69,16,0.6071428571428571,56
1875,MSmB,35,35,0.5,70,0.56,18,0.6,20,0.75,8,1.0,1,0.75,8,0.6363636363636364,55
1881,MSnN,66,54,0.55,120,0.5,24,0.62,16,0.62,34,0.53,34,0.54,28,0.5588235294117647,136
1886,MSns,47,37,0.56,84,0.6,15,0.64,11,0.71,14,0.62,13,0.8,10,0.6666666666666666,63
1890,MSsl,12,10,0.55,22,0.67,3,0.5,4,0.89,9,1.0,5,0.71,7,0.7857142857142857,28
1891,MSsm,55,54,0.5,109,0.53,15,0.78,18,0.71,14,0.7,10,0.83,6,0.6984126984126984,63
1921,MbNH,25,17,0.6,42,0.5,4,0.67,6,0.5,4,0.71,7,0.58,12,0.6060606060606061,33
1924,MbNl,25,19,0.57,44,0.5,4,0.57,7,0.71,14,0.5,10,0.67,12,0.6170212765957447,47
1933,MbSS,48,47,0.51,95,0.5,14,0.65,17,0.5,8,0.53,15,0.58,12,0.5606060606060606,66
1943,Mbbl,16,9,0.64,25,0.67,6,0.83,6,0.5,10,0.5,8,0.53,15,0.5777777777777777,45
1964,Mbnm,73,54,0.57,127,0.52,23,0.86,21,0.53,17,0.5,22,0.6,25,0.6018518518518519,108
1978,MhLM,13,8,0.62,21,0.5,6,0.5,4,0.75,4,0.57,7,0.83,6,0.6296296296296297,27
1986,MhPL,19,17,0.53,36,0.5,6,0.83,6,0.57,14,0.56,16,0.75,8,0.62,50
2014,Mhmm,60,53,0.53,113,0.53,30,0.62,29,0.8,5,0.69,16,0.6,15,0.6105263157894737,95
2022,Mhnm,74,48,0.61,122,0.61,18,0.76,17,0.5,20,0.58,12,0.57,14,0.6049382716049383,81
2048,MlNm,24,13,0.65,37,0.67,12,0.64,14,0.54,13,0.5,14,0.5,10,0.5714285714285714,63
2066,Mlmn,24,17,0.59,41,0.71,14,0.71,7,0.67,6,0.73,11,0.82,11,0.7346938775510204,49
2068,MlnP,23,22,0.51,45,0.75,4,0.62,8,0.5,14,0.5,18,0.6,20,0.5625,64
2076,MmBj,15,13,0.54,28,0.5,4,0.5,4,0.67,3,0.62,8,0.8,5,0.625,24
2108,MmMm,112,75,0.6,187,0.67,43,0.59,49,0.5,20,0.62,13,0.6,15,0.6071428571428571,140
2136,MmbJ,24,10,0.71,34,0.67,9,0.55,11,0.6,5,0.67,9,0.8,5,0.6410256410256411,39
2147,Mmln,16,10,0.62,26,0.5,8,0.6,5,0.5,8,0.6,5,0.8,5,0.5806451612903226,31
2149,MmmI,12,10,0.55,22,0.5,2,0.5,2,0.5,2,1.0,1,0.5,2,0.5555555555555556,9
2159,MmnL,19,17,0.53,36,0.67,6,0.5,6,0.5,4,0.5,6,0.7,10,0.59375,32
2175,MnBl,22,13,0.63,35,0.5,6,0.6,10,0.6,10,0.78,9,0.5,14,0.5918367346938775,49
2176,MnBm,80,61,0.57,141,0.53,19,0.52,21,0.59,22,0.62,13,0.57,23,0.5612244897959183,98
2187,MnHm,58,46,0.56,104,0.5,20,0.53,17,0.5,12,0.81,16,0.67,18,0.6024096385542169,83
2232,MnbS,40,34,0.54,74,0.5,12,0.5,20,0.52,21,0.56,27,0.61,23,0.5436893203883495,103
2235,Mnbm,62,51,0.55,113,0.65,23,0.71,17,0.58,19,0.62,32,0.61,28,0.6302521008403361,119
2237,Mnbs,39,26,0.6,65,0.5,12,0.73,11,0.57,7,0.54,24,0.64,14,0.5882352941176471,68
2257,MnnL,23,22,0.51,45,0.5,8,0.88,8,0.57,14,0.53,15,0.5,12,0.5789473684210527,57
2271,Mnsm,77,69,0.53,146,0.62,24,0.57,14,0.53,19,0.56,18,0.53,19,0.5638297872340425,94
2280,MsLB,16,16,0.5,32,0.67,3,0.5,4,0.5,4,0.5,2,0.75,4,0.5882352941176471,17
2285,MsMm,57,40,0.59,97,0.53,17,0.72,18,0.8,10,0.55,11,0.5,6,0.6290322580645161,62
2327,MsnP,50,51,0.5,101,0.53,19,0.52,23,0.5,12,0.5,26,0.53,19,0.5151515151515151,99
2341,MtPN,14,14,0.5,28,0.67,3,0.67,6,0.5,8,0.57,7,0.6,10,0.5882352941176471,34
2364,NBNm,76,66,0.54,142,0.56,36,0.65,20,0.5,24,0.6,10,0.52,21,0.5585585585585585,111
2372,NBSm,48,30,0.62,78,0.5,14,0.54,13,0.5,8,0.67,3,1.0,7,0.6,45
2373,NBSs,37,26,0.59,63,0.5,6,0.62,13,0.62,13,1.0,2,0.67,9,0.627906976744186,43
2378,NBbm,48,40,0.55,88,0.65,17,0.65,17,0.76,21,0.6,10,0.74,19,0.6904761904761905,84
2386,NBlm,20,17,0.54,37,0.67,6,0.86,7,0.5,10,0.5,4,0.7,10,0.6486486486486487,37
2399,NBnN,96,90,0.52,186,0.63,35,0.59,54,0.59,41,0.6,30,0.52,42,0.5841584158415841,202
2421,NDPm,15,12,0.56,27,0.6,10,0.56,9,0.67,3,0.5,2,0.5,2,0.5769230769230769,26
2430,NDsN,15,13,0.54,28,0.67,3,1.0,1,0.67,3,1.0,3,1.0,4,0.8571428571428571,14
2446,NHSn,15,9,0.62,24,0.83,6,0.8,5,0.67,9,0.5,8,1.0,2,0.7,30
2471,NLNb,15,14,0.52,29,0.71,7,0.67,9,0.67,6,0.67,6,0.5,8,0.6388888888888888,36
2487,NLbs,12,10,0.55,22,1.0,5,0.62,8,0.5,2,0.56,9,0.67,3,0.6666666666666666,27
2559,NMnD,17,11,0.61,28,0.78,9,0.5,8,1.0,1,0.5,2,0.5,2,0.6363636363636364,22
2602,NNPB,92,92,0.5,184,0.58,33,0.52,31,0.57,40,0.52,31,0.53,30,0.5454545454545454,165
2610,NNPn,104,87,0.54,191,0.5,50,0.55,47,0.67,54,0.52,46,0.6,68,0.5735849056603773,265
2620,NNbl,22,16,0.58,38,0.57,7,0.5,6,0.5,8,0.55,11,0.56,16,0.5416666666666666,48
2628,NNhm,32,32,0.5,64,0.62,13,0.58,12,0.58,12,0.7,10,0.56,9,0.6071428571428571,56
2671,NPHm,26,26,0.5,52,0.6,10,0.69,13,0.57,7,0.7,10,0.5,8,0.625,48
2705,NPPN,110,86,0.56,196,0.5,52,0.59,49,0.52,62,0.54,85,0.58,67,0.546031746031746,315
2712,NPSm,80,76,0.51,156,0.6,35,0.62,37,0.59,29,0.6,35,0.62,26,0.6049382716049383,162
2738,NPmn,84,64,0.57,148,0.55,38,0.5,38,0.52,31,0.56,25,0.5,32,0.524390243902439,164
2750,NPsL,26,25,0.51,51,0.5,10,0.57,7,0.56,18,0.56,16,0.67,18,0.5797101449275363,69
2753,NPsb,62,46,0.57,108,0.5,10,0.61,18,0.54,26,0.61,33,0.64,22,0.5871559633027523,109
2765,NSHn,22,22,0.5,44,0.5,2,0.5,6,0.62,8,0.8,5,1.0,3,0.6666666666666666,24
2775,NSMm,68,66,0.51,134,0.59,17,0.5,12,0.56,9,0.81,16,0.5,20,0.5945945945945946,74
2797,NSbm,50,35,0.59,85,0.55,11,0.5,12,0.64,11,0.75,12,0.5,10,0.5892857142857143,56
2799,NShB,27,20,0.57,47,0.5,8,0.71,7,0.78,9,0.86,7,0.75,12,0.7209302325581395,43
2820,NSnb,34,30,0.53,64,0.69,13,0.5,20,0.64,14,0.61,18,0.69,26,0.6263736263736264,91
2821,NSnl,17,12,0.59,29,1.0,2,0.5,10,0.73,11,0.5,8,0.71,7,0.631578947368421,38
2831,NSsn,66,46,0.59,112,0.71,14,0.71,14,0.5,22,0.53,19,0.53,15,0.5833333333333334,84
2840,NbHm,20,15,0.57,35,0.5,8,0.5,6,0.75,4,0.5,6,0.71,7,0.5806451612903226,31
2882,Nblm,13,9,0.59,22,0.78,9,1.0,1,0.57,7,0.55,11,0.57,7,0.6285714285714286,35
2897,Nbnm,56,46,0.55,102,0.61,28,0.63,19,0.65,23,0.67,18,0.58,19,0.6261682242990654,107
2898,Nbnn,60,49,0.55,109,0.65,26,0.62,21,0.5,18,0.58,38,0.53,43,0.5753424657534246,146
2901,NbsN,41,21,0.66,62,0.67,6,0.5,10,0.53,15,0.56,25,0.53,17,0.547945205479452,73
2962,NlHP,12,12,0.5,24,0.67,6,0.5,8,0.54,13,0.5,14,0.69,16,0.5789473684210527,57
2985,NlbP,18,11,0.62,29,0.83,6,0.62,8,0.6,20,0.6,20,0.55,20,0.6081081081081081,74
2988,Nllm,12,10,0.55,22,0.5,4,1.0,2,0.83,6,0.5,2,0.6,5,0.6842105263157895,19
3000,Nlsm,18,7,0.72,25,0.5,4,0.75,4,0.57,7,0.56,9,0.5,10,0.5588235294117647,34
3004,NmBl,12,10,0.55,22,0.6,5,0.67,6,0.56,9,0.67,3,0.75,4,0.6296296296296297,27
3020,NmJn,15,12,0.56,27,1.0,1,0.5,6,0.5,6,1.0,2,0.75,4,0.631578947368421,19
3022,NmLn,28,26,0.52,54,0.86,14,0.69,16,0.5,14,0.57,14,0.6,20,0.6410256410256411,78
3053,NmSn,54,53,0.5,107,0.56,16,0.52,31,0.6,20,0.52,27,0.52,21,0.5391304347826087,115
3074,Nmmn,82,52,0.61,134,0.62,37,0.56,27,0.54,13,0.56,16,0.63,19,0.5892857142857143,112
3081,Nmnm,68,68,0.5,136,0.5,22,0.52,27,0.58,24,0.58,12,0.84,19,0.5961538461538461,104
3086,Nmsm,44,35,0.56,79,0.71,14,0.65,17,0.75,8,0.83,6,0.75,4,0.7142857142857143,49
3130,NnNm,126,95,0.57,221,0.55,47,0.61,46,0.64,42,0.58,36,0.52,42,0.5821596244131455,213
3132,NnNt,26,21,0.55,47,1.0,2,0.6,10,0.62,8,0.69,13,0.59,17,0.64,50
3139,NnPm,116,103,0.53,219,0.54,50,0.57,47,0.62,37,0.59,51,0.55,56,0.5726141078838174,241
3147,NnSm,83,80,0.51,163,0.57,42,0.69,39,0.52,27,0.63,27,0.54,26,0.5962732919254659,161
3162,Nnlb,19,18,0.51,37,0.62,8,0.5,6,0.65,17,0.59,29,0.5,16,0.5789473684210527,76
3173,NnnP,127,115,0.52,242,0.57,72,0.62,65,0.54,67,0.5,92,0.56,72,0.5516304347826086,368
3180,NnsS,91,85,0.52,176,0.57,30,0.55,29,0.53,36,0.54,28,0.65,20,0.5594405594405595,143
3182,Nnsm,94,65,0.59,159,0.5,28,0.55,29,0.55,22,0.56,18,0.56,18,0.5391304347826087,115
3185,NsBm,49,37,0.57,86,0.57,14,0.5,12,0.67,9,0.67,6,0.5,4,0.5777777777777777,45
3195,NsHP,57,52,0.52,109,0.5,22,0.55,22,0.54,24,0.5,22,0.58,19,0.5321100917431193,109
3224,NsSl,20,13,0.61,33,0.67,6,0.57,7,0.75,8,0.62,8,0.75,4,0.6666666666666666,33
3238,NsmS,57,50,0.53,107,0.74,19,0.54,13,0.57,21,0.7,10,0.5,6,0.6231884057971014,69
3240,Nsmm,65,48,0.58,113,0.5,26,0.53,19,0.56,16,0.73,11,0.64,11,0.5662650602409639,83
3241,Nsmn,57,53,0.52,110,0.53,15,0.56,18,0.5,20,0.53,17,0.64,22,0.5543478260869565,92
3250,NssB,33,20,0.62,53,0.64,11,0.53,17,0.8,10,0.75,4,0.5,8,0.62,50
3263,NtMm,14,14,0.5,28,1.0,1,0.67,9,0.5,8,1.0,3,0.5,2,0.6521739130434783,23
3273,NtbN,15,10,0.6,25,0.8,5,0.75,4,0.56,9,0.56,9,0.71,7,0.6470588235294118,34
3289,PBLP,22,20,0.52,42,0.5,10,0.72,18,0.56,25,0.5,12,0.5,14,0.569620253164557,79
3302,PBNm,75,53,0.59,128,0.53,34,0.5,24,0.59,27,0.64,14,0.58,19,0.559322033898305,118
3304,PBPl,39,33,0.54,72,0.62,16,0.53,17,0.5,28,0.69,13,0.58,19,0.5698924731182796,93
3317,PBbb,66,45,0.59,111,0.6,15,0.65,17,0.55,49,0.62,26,0.65,26,0.6015037593984962,133
3318,PBbl,20,15,0.57,35,0.5,8,0.62,8,0.6,20,0.65,20,0.56,16,0.5972222222222222,72
3320,PBbn,55,54,0.5,109,0.69,16,0.71,24,0.52,33,0.61,28,0.57,30,0.6030534351145038,131
3327,PBlm,31,30,0.51,61,0.6,10,0.62,8,0.5,10,0.5,8,0.89,9,0.6222222222222222,45
3364,PHNs,22,21,0.51,43,0.5,6,0.57,7,0.8,5,0.8,5,0.78,9,0.6875,32
3410,PIbP,16,10,0.62,26,0.6,5,1.0,2,0.5,8,0.6,5,0.8,5,0.64,25
3413,PImN,15,13,0.54,28,0.5,2,1.0,4,0.5,2,1.0,2,1.0,1,0.8181818181818182,11
3418,PKbm,14,8,0.64,22,0.5,2,0.67,3,1.0,1,0.67,3,0.67,3,0.6666666666666666,12
3425,PLLN,11,10,0.52,21,0.67,9,0.5,4,1.0,1,0.89,9,0.8,5,0.75,28
3438,PLNb,24,18,0.57,42,0.56,9,0.57,7,0.75,12,0.55,20,0.64,14,0.6129032258064516,62
3444,PLPS,21,17,0.55,38,0.67,12,0.5,12,0.55,20,0.62,8,0.55,11,0.5714285714285714,63
3445,PLPm,44,30,0.59,74,0.62,21,0.65,17,0.65,23,0.5,14,0.53,17,0.5978260869565217,92
3448,PLSM,17,15,0.53,32,0.7,10,0.71,7,0.64,14,0.55,11,0.75,8,0.66,50
3452,PLbB,19,15,0.56,34,0.89,9,0.55,11,0.67,15,0.63,19,0.53,17,0.6338028169014085,71
3480,PLsn,11,10,0.52,21,0.67,6,0.57,7,0.5,10,0.67,9,0.6,5,0.5945945945945946,37
3500,PMNb,51,45,0.53,96,0.58,24,0.59,22,0.63,19,0.53,30,0.5,34,0.5581395348837209,129
3535,PMlb,32,23,0.58,55,1.0,6,0.75,8,0.5,12,0.67,21,0.55,20,0.6417910447761194,67
3563,PNBm,75,59,0.56,134,0.52,29,0.68,34,0.59,39,0.53,15,0.53,17,0.582089552238806,134
3574,PNLm,32,19,0.63,51,0.6,20,0.5,18,0.7,10,0.62,13,0.65,17,0.6025641025641025,78
3581,PNMm,88,72,0.55,160,0.59,46,0.66,35,0.63,30,0.58,24,0.56,25,0.60625,160
3586,PNNm,85,73,0.54,158,0.55,49,0.61,28,0.52,31,0.68,25,0.59,37,0.5823529411764706,170
3619,PNlB,13,10,0.57,23,0.54,13,0.62,13,0.57,14,0.54,13,0.67,15,0.5882352941176471,68
3626,PNmN,88,84,0.51,172,0.54,37,0.5,42,0.55,38,0.61,41,0.54,39,0.5482233502538071,197
3670,PPLm,61,42,0.59,103,0.57,30,0.5,20,0.62,40,0.56,25,0.58,31,0.5753424657534246,146
3677,PPMm,142,111,0.56,253,0.51,51,0.57,60,0.53,53,0.6,42,0.6,58,0.5606060606060606,264
3685,PPPD,12,12,0.5,24,0.64,11,0.67,12,0.67,3,0.5,6,0.75,4,0.6388888888888888,36
3690,PPPm,156,128,0.55,284,0.61,72,0.62,80,0.61,95,0.58,69,0.51,70,0.5906735751295337,386
3712,PPlL,28,28,0.5,56,0.56,9,0.5,14,0.67,18,0.59,22,0.5,28,0.5604395604395604,91
3723,PPmm,118,86,0.58,204,0.53,49,0.5,52,0.69,39,0.55,29,0.57,46,0.5627906976744186,215
3725,PPms,53,43,0.55,96,0.56,32,0.54,39,0.5,26,0.62,26,0.59,29,0.5592105263157895,152
3729,PPsI,12,9,0.57,21,1.0,1,1.0,2,0.5,4,0.5,2,0.5,6,0.6,15
3749,PSLm,20,20,0.5,40,0.86,7,0.6,5,0.5,14,0.5,12,0.58,12,0.58,50
3756,PSMm,79,69,0.53,148,0.67,24,0.64,22,0.64,22,0.54,26,0.53,15,0.6055045871559633,109
3780,PSbm,49,46,0.52,95,0.7,20,0.5,18,0.67,18,0.87,15,0.75,16,0.6896551724137931,87
3782,PSbs,27,20,0.57,47,0.78,9,0.5,10,1.0,5,0.52,21,0.76,17,0.6612903225806451,62
3785,PShm,45,31,0.59,76,0.8,10,0.57,21,0.6,10,0.67,15,0.6,10,0.6363636363636364,66
3790,PSlN,26,24,0.52,50,0.5,16,0.5,8,0.5,10,0.58,19,0.79,14,0.582089552238806,67
3794,PSmB,39,39,0.5,78,0.5,20,0.62,21,0.64,22,0.7,10,0.57,14,0.5977011494252874,87
3799,PSmb,67,51,0.57,118,0.53,15,0.55,20,0.64,22,0.52,29,0.52,21,0.5514018691588785,107
3800,PSml,29,16,0.64,45,0.5,10,0.62,8,0.64,11,0.58,12,0.6,10,0.5882352941176471,51
3801,PSmm,69,55,0.56,124,0.59,27,0.77,31,0.54,24,0.73,15,0.77,13,0.6727272727272727,110
3853,PbMl,21,20,0.51,41,0.64,14,0.57,14,0.75,12,0.53,30,0.5,24,0.574468085106383,94
3854,PbMm,85,72,0.54,157,0.55,40,0.55,42,0.5,24,0.53,47,0.72,25,0.5617977528089888,178
3855,PbMn,79,72,0.52,151,0.51,37,0.64,33,0.52,60,0.54,46,0.55,56,0.5474137931034483,232
3866,PbPm,90,66,0.58,156,0.65,40,0.69,32,0.58,48,0.52,42,0.57,28,0.6,190
3882,PbbN,81,56,0.59,137,0.5,30,0.57,37,0.53,36,0.52,56,0.56,45,0.5343137254901961,204
3908,Pbnb,50,36,0.58,86,0.59,22,0.61,23,0.54,35,0.61,51,0.59,46,0.5875706214689266,177
3909,Pbnl,23,12,0.66,35,0.62,8,0.5,6,0.67,12,0.64,22,0.67,15,0.6349206349206349,63
3920,PhNm,12,11,0.52,23,0.71,7,0.6,5,0.67,3,1.0,3,0.67,6,0.7083333333333334,24
3925,Phmm,15,13,0.54,28,0.5,10,0.6,5,0.8,5,1.0,2,0.5,4,0.6153846153846154,26
3946,PlMl,17,14,0.55,31,1.0,3,0.8,5,0.75,4,0.6,15,0.73,15,0.7142857142857143,42
3960,PlSP,22,21,0.51,43,0.5,8,0.57,7,0.62,16,0.65,20,0.71,21,0.6388888888888888,72
3963,PlSm,22,21,0.51,43,0.5,2,0.78,9,0.67,9,0.5,12,0.6,10,0.6190476190476191,42
3984,Plmn,18,15,0.55,33,0.57,7,0.71,7,0.71,7,0.55,11,0.67,12,0.6363636363636364,44
4009,PmHl,30,21,0.59,51,0.5,8,0.55,11,0.6,10,0.75,8,0.5,10,0.574468085106383,47
4054,PmSP,69,57,0.55,126,0.62,26,0.5,18,0.68,25,0.52,31,0.64,22,0.5901639344262295,122
4061,PmbJ,26,13,0.67,39,0.6,10,0.54,13,0.67,12,0.6,10,0.5,6,0.5882352941176471,51
4081,Pmmb,84,63,0.57,147,0.65,40,0.62,26,0.62,26,0.59,29,0.57,30,0.609271523178808,151
4090,Pmnm,71,67,0.51,138,0.52,42,0.52,33,0.62,24,0.59,17,0.59,22,0.5579710144927537,138
4098,Pmss,48,43,0.53,91,0.71,14,0.5,14,0.7,10,0.62,8,0.5,12,0.603448275862069,58
4114,PnIm,15,7,0.68,22,0.67,6,0.5,4,0.83,6,0.67,3,0.83,6,0.72,25
4115,PnIs,12,9,0.57,21,1.0,1,1.0,4,0.5,2,1.0,1,0.75,4,0.8333333333333334,12
4118,PnLs,19,17,0.53,36,0.6,5,0.6,5,0.5,12,0.5,10,0.71,7,0.5641025641025641,39
4131,PnPI,12,9,0.57,21,0.83,6,1.0,2,0.5,10,0.5,4,1.0,3,0.68,25
4136,PnPm,93,81,0.53,174,0.53,47,0.65,40,0.66,41,0.71,45,0.65,43,0.6388888888888888,216
4141,PnSM,59,60,0.5,119,0.57,28,0.52,27,0.56,25,0.5,38,0.56,32,0.54,150
4162,PnmJ,19,12,0.61,31,0.6,5,0.57,7,0.67,3,0.67,6,0.71,7,0.6428571428571429,28
4171,Pnnm,70,61,0.53,131,0.65,23,0.57,23,0.6,25,0.69,26,0.64,28,0.632,125
4172,Pnns,48,41,0.54,89,0.5,18,0.52,21,0.57,23,0.59,22,0.56,34,0.5508474576271186,118
4198,PsLb,17,12,0.59,29,0.83,6,0.75,4,0.53,15,0.71,7,0.5,6,0.631578947368421,38
4203,PsMb,42,37,0.53,79,0.5,22,0.5,22,0.55,22,0.71,17,0.62,24,0.5700934579439252,107
4230,Psbb,45,33,0.58,78,0.53,19,0.59,17,0.72,29,0.57,30,0.5,26,0.5867768595041323,121
4231,Psbl,20,10,0.67,30,0.5,4,0.67,6,0.82,11,0.5,8,0.5,8,0.6216216216216216,37
4239,PsmD,18,13,0.58,31,0.5,2,0.67,6,0.67,3,1.0,1,0.5,2,0.6428571428571429,14
4245,Psmm,57,43,0.57,100,0.58,31,0.64,28,0.5,14,0.71,14,0.56,18,0.6,105
4264,Psss,70,71,0.5,141,0.57,14,0.6,20,0.5,30,0.5,18,0.75,24,0.5849056603773585,106
4265,PtMb,13,11,0.54,24,1.0,3,1.0,4,0.5,6,0.67,6,0.7,10,0.7241379310344828,29
4276,SBMh,21,21,0.5,42,0.71,14,0.56,9,0.67,6,0.67,3,0.57,7,0.6410256410256411,39
4318,SBsN,27,26,0.51,53,0.67,6,0.5,8,0.6,10,1.0,2,0.58,12,0.6052631578947368,38
4329,SDSM,15,14,0.52,29,0.75,8,0.67,6,1.0,2,1.0,1,0.75,4,0.7619047619047619,21
4355,SHSP,22,14,0.61,36,1.0,3,0.5,4,0.5,10,0.6,5,0.83,6,0.6428571428571429,28
4362,SHbm,18,15,0.55,33,0.6,10,0.67,6,0.67,3,0.86,7,0.75,4,0.7,30
4364,SHmP,17,10,0.63,27,1.0,5,0.5,8,0.7,10,0.71,7,0.67,3,0.696969696969697,33
4368,SHnP,18,16,0.53,34,0.6,5,0.56,9,0.75,12,0.5,4,0.67,3,0.6363636363636364,33
4374,SHsm,27,25,0.52,52,0.5,8,0.5,10,0.5,2,0.75,4,0.5,4,0.5357142857142857,28
4410,SMLb,17,12,0.59,29,1.0,2,0.5,6,0.62,8,0.67,6,0.6,5,0.6296296296296297,27
4415,SMMs,40,38,0.51,78,0.64,11,0.62,13,0.8,5,0.67,12,0.73,11,0.6730769230769231,52
4441,SMhm,61,39,0.61,100,0.61,23,0.56,18,0.55,11,0.54,13,0.6,15,0.575,80
4487,SNNm,66,51,0.56,117,0.67,18,0.67,24,0.67,9,0.64,11,0.6,15,0.6493506493506493,77
4488,SNNs,63,49,0.56,112,0.74,19,0.58,12,0.65,17,0.62,13,0.5,16,0.6233766233766234,77
4494,SNPl,21,16,0.57,37,0.9,10,0.6,5,0.5,4,0.61,18,0.5,14,0.6274509803921569,51
4500,SNSM,54,48,0.53,102,0.5,20,0.56,16,0.54,13,0.57,7,0.57,7,0.5396825396825397,63
4549,SPHm,20,17,0.54,37,0.67,9,0.88,8,0.62,8,0.67,6,0.75,8,0.717948717948718,39
4561,SPMm,57,47,0.55,104,0.57,23,0.53,30,0.74,23,0.65,20,0.74,23,0.6386554621848739,119
4564,SPNm,58,55,0.51,113,0.56,25,0.65,23,0.53,17,0.78,23,0.62,24,0.6339285714285714,112
4601,SPml,22,18,0.55,40,0.57,7,0.75,8,0.75,8,0.62,8,0.62,8,0.6666666666666666,39
4613,SPsN,56,49,0.53,105,0.6,15,0.5,20,0.5,30,0.64,14,0.5,22,0.5346534653465347,101
4631,SSLn,29,18,0.62,47,0.6,5,0.67,6,0.8,10,0.54,13,0.57,7,0.6341463414634146,41
4634,SSMm,113,83,0.58,196,0.67,27,0.67,42,0.55,11,0.5,12,0.55,11,0.6213592233009708,103
4640,SSNl,18,16,0.53,34,0.6,5,1.0,1,0.67,6,0.6,5,1.0,4,0.7142857142857143,21
4652,SSSb,86,65,0.57,151,0.5,10,0.56,27,0.68,19,0.65,17,0.52,21,0.5851063829787234,94
4672,SSlB,16,9,0.64,25,1.0,1,0.62,8,1.0,3,1.0,2,1.0,4,0.8333333333333334,18
4673,SSlH,12,10,0.55,22,0.75,4,1.0,2,0.5,2,0.5,8,0.6,5,0.6190476190476191,21
4678,SSls,16,12,0.57,28,0.5,2,0.5,4,0.5,2,0.6,5,0.67,3,0.5625,16
4713,SbMm,48,38,0.56,86,0.75,16,0.7,30,0.5,6,0.6,5,0.5,8,0.6615384615384615,65
4715,SbNB,34,34,0.5,68,0.55,11,0.79,14,0.64,11,0.58,19,0.69,13,0.6470588235294118,68
4719,SbNl,12,10,0.55,22,0.75,4,0.75,4,0.57,7,0.54,13,0.67,6,0.6176470588235294,34
4720,SbNm,36,29,0.55,65,0.56,16,0.79,14,0.54,13,0.52,21,0.75,16,0.625,80
4723,SbPH,12,12,0.5,24,0.5,2,0.5,4,0.5,2,0.78,9,0.57,7,0.625,24
4726,SbPm,39,27,0.59,66,0.74,19,0.52,21,0.67,21,0.53,17,0.54,13,0.6043956043956044,91
4745,SbmN,49,39,0.56,88,0.63,19,0.63,19,0.78,9,0.67,15,0.67,12,0.6621621621621622,74
4755,Sbnb,37,25,0.6,62,0.5,14,0.81,16,0.55,22,0.53,19,0.52,21,0.5760869565217391,92
4783,ShPb,20,20,0.5,40,0.75,8,0.62,8,0.55,22,0.5,22,0.6,15,0.5733333333333334,75
4797,ShhN,23,23,0.5,46,0.75,4,0.75,8,0.67,6,0.5,12,0.6,10,0.625,40
4800,Shhm,28,25,0.53,53,0.55,11,0.58,12,0.67,12,0.58,12,0.5,6,0.5849056603773585,53
4807,Shmn,32,26,0.55,58,0.56,9,0.57,7,0.55,11,0.5,10,0.8,10,0.5957446808510638,47
4808,Shms,28,24,0.54,52,0.71,7,0.75,8,0.5,8,0.6,5,0.67,3,0.6451612903225806,31
4824,SlMb,14,13,0.52,27,0.75,4,0.67,6,0.64,11,0.9,10,0.5,8,0.6923076923076923,39
4829,SlNn,26,16,0.62,42,0.56,9,0.71,7,0.83,12,0.67,15,0.6,15,0.6724137931034483,58
4841,SlmB,16,12,0.57,28,0.5,4,0.8,5,0.6,5,0.5,4,0.55,11,0.5862068965517241,29
4842,SlmN,17,17,0.5,34,0.75,4,0.6,5,0.5,2,0.62,13,1.0,6,0.7,30
4845,Slnb,15,10,0.6,25,0.67,3,1.0,2,0.67,3,0.67,9,0.83,12,0.7586206896551724,29
4855,SmDs,15,12,0.56,27,0.88,8,1.0,1,1.0,5,1.0,1,1.0,1,0.9375,16
4871,SmLm,26,21,0.55,47,0.5,8,0.6,5,0.5,8,0.6,5,1.0,3,0.5862068965517241,29
4877,SmMS,58,54,0.52,112,0.61,18,0.5,18,0.62,13,0.6,10,0.62,8,0.582089552238806,67
4880,SmMs,74,70,0.51,144,0.56,16,0.74,19,0.73,11,0.5,6,0.55,11,0.6349206349206349,63
4917,Smlm,11,10,0.52,21,0.67,6,0.5,6,1.0,3,0.67,9,0.5,2,0.6538461538461539,26
4939,Smsm,59,45,0.57,104,0.57,14,0.75,12,0.5,10,0.67,3,0.75,4,0.627906976744186,43
4949,SnHn,34,29,0.54,63,0.5,6,0.62,8,0.57,14,0.73,11,0.6,15,0.6111111111111112,54
4954,SnLs,12,11,0.52,23,0.67,3,1.0,2,0.67,3,0.6,5,1.0,2,0.7333333333333333,15
4956,SnMP,59,57,0.51,116,0.52,23,0.5,20,0.57,23,0.52,23,0.64,22,0.5495495495495496,111
4962,SnND,20,11,0.65,31,0.8,10,0.5,6,0.5,2,0.5,2,0.5,4,0.625,24
4984,SnSs,87,88,0.5,175,0.5,18,0.59,22,0.56,18,0.77,22,0.71,17,0.6288659793814433,97
4989,Snbl,15,8,0.65,23,1.0,4,1.0,2,0.67,6,0.55,11,0.56,9,0.65625,32
4991,Snbn,41,29,0.59,70,0.7,10,0.67,21,0.62,21,0.53,32,0.73,22,0.6320754716981132,106
5000,SnmP,54,51,0.51,105,0.77,13,0.6,20,0.64,25,0.58,19,0.57,21,0.6224489795918368,98
5001,Snml,11,10,0.52,21,1.0,2,1.0,3,0.5,2,0.5,4,0.58,12,0.6521739130434783,23
5017,Snsn,57,42,0.58,99,0.56,16,0.58,12,0.5,12,0.56,25,0.6,15,0.5625,80
5028,SsHP,53,48,0.52,101,0.53,17,0.5,20,0.65,20,0.61,18,0.6,20,0.5789473684210527,95
5035,SsLb,17,9,0.65,26,0.75,4,0.5,4,0.53,15,0.75,4,0.67,6,0.6060606060606061,33
5062,SsSl,23,21,0.52,44,0.57,7,0.56,9,0.79,14,0.64,11,0.57,14,0.6363636363636364,55
5063,SsSm,102,103,0.5,205,0.5,24,0.53,34,0.65,20,0.62,13,0.5,18,0.5504587155963303,109
5083,SsnD,12,12,0.5,24,0.67,3,1.0,1,1.0,2,0.5,2,1.0,1,0.7777777777777778,9
5088,SsnN,71,71,0.5,142,0.63,30,0.53,19,0.68,25,0.53,15,0.5,22,0.5855855855855856,111
5100,Sssb,55,54,0.5,109,0.67,15,0.55,20,0.62,16,0.81,21,0.62,8,0.6625,80
5113,StmN,12,9,0.57,21,1.0,3,0.5,6,0.6,5,1.0,2,1.0,2,0.7222222222222222,18
5168,bBnl,21,8,0.72,29,0.75,8,0.5,8,0.5,12,0.5,14,0.53,17,0.5423728813559322,59
5180,bHMB,13,8,0.62,21,0.75,4,0.5,2,0.71,7,0.5,12,0.75,4,0.6206896551724138,29
5182,bHMN,21,18,0.54,39,0.67,6,0.57,7,1.0,3,0.71,7,0.71,14,0.7027027027027027,37
5183,bHMP,21,10,0.68,31,0.5,6,0.6,5,0.57,7,0.64,11,0.5,10,0.5641025641025641,39
5194,bHSm,14,11,0.56,25,0.6,5,0.67,3,0.5,2,0.75,8,0.67,3,0.6666666666666666,21
5206,bHnH,15,12,0.56,27,0.67,3,0.5,2,1.0,6,0.75,4,0.8,5,0.8,20
5213,bJBM,16,10,0.62,26,0.67,3,0.56,9,0.5,6,0.6,5,0.5,4,0.5555555555555556,27
5240,bJmm,15,13,0.54,28,0.56,9,0.73,11,0.5,2,0.6,5,1.0,2,0.6551724137931034,29
5255,bLNm,12,10,0.55,22,0.6,5,0.5,6,0.5,6,0.6,5,0.5,12,0.5294117647058824,34
5258,bLPm,21,14,0.6,35,0.5,12,0.5,8,0.67,12,0.73,15,0.62,13,0.6166666666666667,60
5264,bLbN,20,11,0.65,31,1.0,4,0.62,13,0.67,6,0.5,16,0.57,14,0.6037735849056604,53
5265,bLbb,17,10,0.63,27,0.56,9,0.67,3,0.6,10,0.67,15,0.71,7,0.6363636363636364,44
5285,bMMs,34,34,0.5,68,0.58,12,0.79,14,0.64,25,0.62,16,0.52,21,0.625,88
5294,bMPB,55,38,0.59,93,0.59,17,0.56,16,0.67,24,0.54,26,0.58,19,0.5882352941176471,102
5307,bMbm,48,32,0.6,80,0.6,15,0.67,15,0.7,20,0.57,21,0.57,14,0.6235294117647059,85
5308,bMbn,55,45,0.55,100,0.59,17,0.52,25,0.55,33,0.58,48,0.54,41,0.5548780487804879,164
5317,bMlm,22,7,0.76,29,0.5,8,0.67,6,0.6,5,0.62,8,0.57,7,0.5882352941176471,34
5358,bNHm,16,11,0.59,27,0.57,7,0.5,4,0.67,3,0.6,5,0.57,7,0.5769230769230769,26
5376,bNNb,46,42,0.52,88,0.5,18,0.62,29,0.5,34,0.55,38,0.65,26,0.5655172413793104,145
5383,bNPB,71,49,0.59,120,0.53,30,0.59,32,0.52,33,0.56,27,0.51,39,0.5403726708074534,161
5390,bNPm,91,61,0.6,152,0.59,37,0.5,38,0.65,37,0.7,47,0.53,38,0.5989847715736041,197
5395,bNSm,62,38,0.62,100,0.52,23,0.79,19,0.64,14,0.71,24,0.64,22,0.6568627450980392,102
5424,bNms,41,24,0.63,65,0.58,12,0.56,9,0.5,10,0.5,12,0.62,13,0.5535714285714286,56
5433,bNnb,71,63,0.53,134,0.5,20,0.59,22,0.5,36,0.56,41,0.61,44,0.558282208588957,163
5454,bPBs,32,31,0.51,63,0.5,6,0.67,12,0.5,18,0.67,12,0.61,18,0.5909090909090909,66
5475,bPNn,74,72,0.51,146,0.52,40,0.5,32,0.67,45,0.58,57,0.5,56,0.5565217391304348,230
5481,bPPb,80,57,0.58,137,0.69,32,0.59,34,0.53,68,0.51,65,0.53,62,0.5517241379310345,261
5523,bPsH,41,25,0.62,66,0.5,12,0.71,17,0.64,11,0.6,20,0.62,16,0.618421052631579,76
5528,bPsl,15,14,0.52,29,0.57,7,0.5,4,0.56,9,0.5,10,0.57,7,0.5405405405405406,37
5529,bPsm,34,33,0.51,67,0.53,15,0.56,9,0.68,19,0.6,20,0.5,16,0.5822784810126582,79
5539,bSHS,15,11,0.58,26,0.5,4,0.5,4,0.67,3,0.5,6,0.75,12,0.6206896551724138,29
5541,bSHm,20,13,0.61,33,0.5,6,0.67,6,0.67,3,0.75,8,0.5,4,0.6296296296296297,27
5546,bSMm,45,28,0.62,73,0.53,15,0.54,13,0.58,12,0.53,17,0.85,13,0.6,70
5553,bSPN,32,32,0.5,64,0.53,15,0.56,9,0.5,22,0.56,27,0.5,30,0.5242718446601942,103
5555,bSPl,12,10,0.55,22,1.0,2,0.88,8,0.67,3,0.62,13,0.64,11,0.7027027027027027,37
5560,bSSb,20,20,0.5,40,0.57,7,0.88,8,0.55,11,0.5,12,0.67,3,0.6097560975609756,41
5567,bSbb,28,26,0.52,54,0.5,6,0.5,4,0.5,14,0.58,24,0.55,11,0.5423728813559322,59
5578,bSmn,25,23,0.52,48,0.71,7,0.6,10,0.67,15,0.89,9,0.53,17,0.6551724137931034,58
5593,bbBP,72,61,0.54,133,0.59,22,0.55,29,0.61,57,0.5,32,0.58,33,0.5722543352601156,173
5596,bbBj,17,16,0.52,33,0.6,5,0.6,5,0.58,12,0.56,9,0.5,6,0.5675675675675675,37
5610,bbLn,25,20,0.56,45,0.69,13,0.75,8,0.62,13,0.62,16,0.67,18,0.6617647058823529,68
5628,bbNm,83,56,0.6,139,0.72,18,0.57,21,0.5,20,0.55,29,0.55,31,0.5714285714285714,119
5649,bbbN,97,84,0.54,181,0.5,32,0.72,25,0.55,49,0.58,59,0.53,38,0.5665024630541872,203
5653,bbbm,61,50,0.55,111,0.56,18,0.5,14,0.53,19,0.62,24,0.6,20,0.5684210526315789,95
5660,bbmP,51,51,0.5,102,0.5,28,0.6,25,0.5,24,0.58,31,0.55,22,0.5461538461538461,130
5706,blbb,21,21,0.5,42,0.55,11,0.75,4,0.54,13,0.62,24,0.7,20,0.625,72
5725,bmHl,14,9,0.61,23,0.6,5,0.75,4,0.5,4,0.62,8,0.57,7,0.6071428571428571,28
5726,bmHm,35,26,0.57,61,0.67,12,0.62,16,0.83,6,0.62,8,0.67,15,0.6666666666666666,57
5728,bmHs,29,18,0.62,47,0.5,16,0.71,7,0.62,8,0.6,5,0.55,11,0.574468085106383,47
5739,bmNP,84,77,0.52,161,0.5,32,0.62,26,0.53,38,0.56,27,0.52,33,0.5384615384615384,156
5741,bmNl,14,14,0.5,28,0.5,8,0.5,10,0.6,5,0.5,8,0.58,12,0.5348837209302325,43
5765,bmbm,46,40,0.53,86,0.53,17,0.64,14,0.56,18,0.64,11,0.75,12,0.6111111111111112,72
5770,bmlb,18,10,0.64,28,0.8,5,0.57,7,0.75,4,0.7,10,0.57,7,0.6666666666666666,33
5776,bmmm,65,45,0.59,110,0.74,19,0.5,28,1.0,5,0.5,8,0.67,6,0.6212121212121212,66
5797,bnBm,51,34,0.6,85,0.67,18,0.6,20,0.56,18,0.57,14,0.62,13,0.6024096385542169,83
5807,bnMm,61,62,0.5,123,0.62,26,0.62,24,0.78,23,0.62,21,0.56,25,0.6386554621848739,119
5812,bnNP,95,78,0.55,173,0.6,45,0.67,36,0.51,39,0.6,63,0.55,66,0.5823293172690763,249
5817,bnNm,65,60,0.52,125,0.62,29,0.56,18,0.55,22,0.75,16,0.56,32,0.5982905982905983,117
5832,bnSN,41,31,0.57,72,0.5,10,0.5,8,0.55,11,0.64,22,0.5,16,0.5522388059701493,67
5850,bnlm,16,10,0.62,26,0.5,8,0.75,8,0.67,3,0.5,10,0.67,6,0.6,35
5854,bnmP,65,64,0.5,129,0.52,27,0.5,26,0.55,20,0.62,24,0.52,29,0.5396825396825397,126
5857,bnmm,52,41,0.56,93,0.53,15,0.62,13,0.69,13,0.53,15,0.77,13,0.6231884057971014,69
5859,bnms,21,14,0.6,35,0.55,11,0.75,8,1.0,2,0.5,4,0.62,8,0.6363636363636364,33
5873,bsBm,18,15,0.55,33,0.75,4,0.62,13,0.6,5,1.0,6,0.5,12,0.65,40
5880,bsHs,25,18,0.58,43,0.67,9,0.67,9,0.62,8,0.64,11,0.5,6,0.627906976744186,43
5884,bsMm,38,27,0.58,65,0.64,11,0.5,14,0.64,11,0.64,14,0.88,8,0.6379310344827587,58
5886,bsMs,31,25,0.55,56,0.5,6,0.56,9,0.5,12,0.7,10,0.62,8,0.5777777777777777,45
5888,bsNN,40,35,0.53,75,0.56,18,0.5,14,0.71,17,0.68,25,0.55,22,0.6041666666666666,96
5889,bsNm,23,20,0.53,43,0.6,10,0.62,8,0.57,14,0.5,16,0.75,8,0.5892857142857143,56
5895,bsSB,24,22,0.52,46,0.88,8,0.5,6,0.67,9,0.57,7,0.8,5,0.6857142857142857,35
5925,bssm,32,21,0.6,53,1.0,3,0.5,4,0.83,6,1.0,5,1.0,4,0.8636363636363636,22
5960,hMhm,21,7,0.75,28,0.57,7,0.8,5,1.0,3,0.78,9,0.5,4,0.7142857142857143,28
5988,hNPm,14,14,0.5,28,0.86,7,0.86,7,0.5,8,0.6,5,0.67,3,0.7,30
6005,hPMP,17,15,0.53,32,0.55,11,0.5,4,0.64,11,0.58,19,0.6,10,0.5818181818181818,55
6007,hPMn,23,17,0.57,40,0.56,9,0.8,5,0.78,9,0.5,12,0.6,10,0.6222222222222222,45
6011,hPPN,12,9,0.57,21,0.83,6,0.67,6,0.59,17,0.53,17,0.62,16,0.6129032258064516,62
6013,hPPS,15,15,0.5,30,0.54,13,0.62,8,0.54,13,0.5,12,1.0,2,0.5625,48
6020,hPSm,22,17,0.56,39,0.67,6,0.75,4,0.8,5,0.5,10,0.5,6,0.6129032258064516,31
6032,hPnm,17,15,0.53,32,1.0,3,0.6,5,0.55,11,0.82,11,0.78,9,0.717948717948718,39
6040,hSBn,19,14,0.58,33,1.0,4,0.75,4,0.67,3,0.8,5,0.75,4,0.8,20
6044,hSMb,15,14,0.52,29,0.62,8,0.6,5,0.5,2,0.75,8,1.0,1,0.6666666666666666,24
6069,hbNP,13,13,0.5,26,1.0,1,1.0,3,0.64,11,0.7,10,0.69,13,0.7105263157894737,38
6075,hbbN,13,9,0.59,22,0.5,4,0.57,7,1.0,4,0.5,12,0.6,10,0.5945945945945946,37
6083,hhMP,14,12,0.54,26,0.5,6,0.5,8,0.67,3,0.5,14,0.5,2,0.5151515151515151,33
6091,hhbN,13,11,0.54,24,0.5,4,0.5,6,0.5,6,0.6,5,0.6,5,0.5384615384615384,26
6096,hhmm,19,11,0.63,30,0.6,10,1.0,5,1.0,2,1.0,4,0.67,3,0.7916666666666666,24
6097,hhmn,14,8,0.64,22,1.0,1,0.6,5,0.5,8,0.6,5,0.5,4,0.5652173913043478,23
6100,hhnb,12,9,0.57,21,0.5,2,0.5,6,1.0,4,0.71,7,0.75,4,0.6956521739130435,23
6102,hhsN,12,9,0.57,21,0.5,6,0.67,3,0.5,4,0.8,5,0.75,4,0.6363636363636364,22
6108,hmBn,14,7,0.67,21,0.56,9,0.5,6,0.67,3,0.75,4,0.57,7,0.5862068965517241,29
6112,hmHn,19,7,0.73,26,0.6,5,1.0,1,0.75,4,0.8,5,0.71,7,0.7272727272727273,22
6122,hmPm,18,11,0.62,29,0.5,4,0.75,8,0.8,5,1.0,6,1.0,2,0.8,25
6134,hmmM,29,21,0.58,50,0.83,6,0.57,7,1.0,2,0.5,4,0.62,8,0.6666666666666666,27
6211,hssm,24,14,0.63,38,0.67,6,1.0,4,0.67,3,0.5,4,1.0,4,0.7619047619047619,21
6248,lBns,15,12,0.56,27,0.67,6,0.75,4,0.8,5,0.5,8,0.78,9,0.6875,32
6258,lHNP,14,10,0.58,24,0.57,7,0.5,8,0.56,9,0.5,6,0.53,17,0.5319148936170213,47
6267,lHmn,15,7,0.68,22,0.6,5,0.5,2,0.67,3,0.88,8,0.7,10,0.7142857142857143,28
6276,lMBb,16,13,0.55,29,0.8,5,0.57,7,0.56,9,0.57,7,0.62,13,0.6097560975609756,41
6312,lMnn,45,29,0.61,74,0.73,11,0.64,11,0.68,19,0.53,36,0.67,18,0.6210526315789474,95
6344,lNnM,24,24,0.5,48,0.7,10,0.55,11,0.56,16,0.56,25,0.52,21,0.5662650602409639,83
6348,lNns,18,17,0.51,35,0.83,6,0.7,10,0.56,9,0.57,14,0.6,10,0.6326530612244898,49
6354,lPBb,17,13,0.57,30,1.0,2,0.67,9,0.6,15,0.71,21,0.67,21,0.6764705882352942,68
6360,lPMm,33,30,0.52,63,0.88,8,0.55,11,0.62,13,0.53,15,0.67,6,0.6226415094339622,53
6361,lPNB,23,12,0.66,35,0.73,11,0.54,13,0.64,14,0.58,12,0.78,9,0.6440677966101694,59
6365,lPNm,19,15,0.56,34,0.67,12,0.8,10,0.62,13,0.71,14,0.53,19,0.6470588235294118,68
6377,lPSs,17,12,0.59,29,0.5,6,0.75,4,0.86,7,0.62,8,0.8,10,0.7142857142857143,35
6380,lPbb,26,21,0.55,47,0.57,7,1.0,5,0.75,20,0.62,24,0.78,9,0.7076923076923077,65
6399,lSMm,21,8,0.72,29,0.67,9,0.5,6,0.6,10,0.5,6,0.78,9,0.625,40
6419,lSmm,17,7,0.71,24,1.0,2,0.71,7,0.67,3,1.0,1,0.67,6,0.7368421052631579,19
6429,lSsm,23,15,0.61,38,0.6,5,0.5,12,0.78,9,0.75,4,0.5,10,0.6,40
6430,lSss,19,19,0.5,38,0.5,4,0.78,9,0.6,10,0.58,12,0.6,10,0.6222222222222222,45
6452,lbbb,26,22,0.54,48,0.71,7,0.67,9,0.59,17,0.59,22,0.67,18,0.6301369863013698,73
6459,lbmn,20,10,0.67,30,0.54,13,0.6,5,0.5,10,0.62,8,0.8,10,0.6086956521739131,46
6474,lmHn,17,10,0.63,27,1.0,3,0.5,8,0.71,7,1.0,2,0.67,6,0.6923076923076923,26
6484,lmNm,17,10,0.63,27,0.82,11,0.5,14,1.0,4,1.0,5,0.55,11,0.6888888888888889,45
6492,lmPn,27,25,0.52,52,0.71,7,0.64,11,0.55,11,0.64,11,0.72,18,0.6551724137931034,58
6506,lmnn,16,13,0.55,29,0.57,7,0.88,8,1.0,5,0.57,7,0.64,11,0.7105263157894737,38
6517,lnNn,26,21,0.55,47,0.67,9,0.53,17,0.62,13,0.5,16,0.81,21,0.631578947368421,76
6524,lnPm,23,20,0.53,43,0.8,5,0.71,14,0.55,11,0.75,12,0.75,12,0.7037037037037037,54
6529,lnbN,26,14,0.65,40,0.75,12,0.5,6,0.5,10,0.6,15,0.65,20,0.6190476190476191,63
6531,lnbb,22,18,0.55,40,0.64,11,0.5,2,0.75,8,0.69,13,0.71,7,0.6829268292682927,41
6534,lnmN,22,18,0.55,40,0.71,7,0.67,6,0.5,8,0.57,14,0.78,9,0.6363636363636364,44
6538,lnsn,13,8,0.62,21,0.8,5,1.0,1,0.5,4,0.6,10,0.67,6,0.6538461538461539,26
6547,lsNm,16,8,0.67,24,1.0,3,1.0,1,0.5,6,0.5,4,0.5,4,0.6111111111111112,18
6570,lssN,16,10,0.62,26,0.67,3,0.75,4,0.5,2,0.8,5,0.75,4,0.7222222222222222,18
6571,lssm,15,12,0.56,27,0.75,4,0.75,4,0.6,5,1.0,2,1.0,1,0.75,16
6573,mBBP,67,58,0.54,125,0.58,31,0.73,22,0.5,26,0.64,11,0.5,6,0.59375,96
6574,mBBm,65,56,0.54,121,0.63,19,0.5,24,0.53,17,0.6,5,0.83,6,0.5774647887323944,71
6580,mBLb,13,11,0.54,24,0.67,9,0.8,5,0.5,6,0.75,4,0.5,4,0.6428571428571429,28
6584,mBMl,13,13,0.5,26,0.6,5,0.5,8,0.75,4,0.5,4,0.8,5,0.6153846153846154,26
6595,mBNn,115,108,0.52,223,0.52,46,0.57,49,0.61,38,0.57,30,0.53,34,0.5583756345177665,197
6615,mBbs,25,18,0.58,43,0.75,4,0.67,9,0.57,7,0.5,4,0.56,9,0.6060606060606061,33
6633,mBnI,21,15,0.58,36,0.5,2,0.5,4,0.5,4,0.5,2,0.5,6,0.5,18
6641,mBsn,42,36,0.54,78,0.71,14,0.63,19,0.67,6,0.67,3,0.56,9,0.6470588235294118,51
6688,mHNP,65,65,0.5,130,0.56,25,0.53,30,0.53,19,0.52,25,0.58,31,0.5461538461538461,130
6689,mHNm,57,44,0.56,101,0.68,19,0.83,18,0.55,20,0.5,8,0.71,17,0.6707317073170732,82
6692,mHPH,20,19,0.51,39,0.5,4,0.5,8,0.83,6,0.67,6,0.67,6,0.6333333333333333,30
6699,mHPl,20,15,0.57,35,0.62,8,0.5,8,0.64,11,0.5,8,0.5,12,0.5531914893617021,47
6700,mHPs,39,35,0.53,74,0.62,16,0.55,20,0.53,15,0.57,14,0.67,18,0.5903614457831325,83
6711,mHbS,27,21,0.56,48,0.6,10,0.64,11,0.86,7,0.57,7,0.57,7,0.6428571428571429,42
6715,mHbs,24,15,0.62,39,0.56,9,1.0,6,0.5,8,0.56,9,0.67,6,0.631578947368421,38
6721,mHhm,37,34,0.52,71,0.64,14,0.69,13,0.8,5,1.0,1,0.5,8,0.6585365853658537,41
6723,mHhs,25,21,0.54,46,0.86,7,0.71,7,0.86,7,0.83,6,0.5,10,0.7297297297297297,37
6727,mHlm,15,8,0.65,23,1.0,4,0.67,6,1.0,4,0.8,5,0.67,3,0.8181818181818182,22
6752,mHsn,41,27,0.6,68,0.56,18,0.52,23,0.6,5,0.5,12,0.5,8,0.5303030303030303,66
6778,mJbm,19,10,0.66,29,0.75,4,0.5,4,0.67,3,0.8,5,0.6,5,0.6666666666666666,21
6790,mJsP,14,13,0.52,27,0.75,4,0.5,4,0.67,3,0.75,4,1.0,2,0.7058823529411765,17
6794,mLBm,20,11,0.65,31,0.67,9,0.7,10,0.88,8,1.0,1,0.5,6,0.7058823529411765,34
6812,mLbm,14,12,0.54,26,0.6,5,0.67,3,0.67,3,0.5,4,0.8,5,0.65,20
6813,mLbn,15,11,0.58,26,0.55,11,0.5,6,0.5,6,0.71,7,0.75,4,0.5882352941176471,34
6838,mMMB,71,68,0.51,139,0.52,29,0.59,34,0.58,26,0.5,12,0.5,14,0.5478260869565217,115
6850,mMNt,16,15,0.52,31,0.5,2,0.57,7,0.5,4,0.67,3,0.67,3,0.5789473684210527,19
6856,mMPm,116,61,0.66,177,0.51,41,0.53,45,0.67,24,0.68,25,0.58,24,0.5786163522012578,159
6862,mMSl,14,7,0.67,21,0.67,9,0.5,2,1.0,1,0.6,5,0.54,13,0.6,30
6871,mMbb,52,33,0.61,85,0.52,25,0.5,22,0.52,25,0.7,20,0.67,18,0.5727272727272728,110
6873,mMbm,50,49,0.51,99,0.6,20,0.73,15,0.57,14,0.5,18,0.67,15,0.6097560975609756,82
6882,mMhn,72,63,0.53,135,0.62,24,0.55,22,0.52,21,0.52,23,0.57,14,0.5576923076923077,104
6902,mMnm,98,83,0.54,181,0.54,48,0.64,42,0.73,22,0.55,22,0.58,31,0.6,165
6908,mMsm,60,52,0.54,112,0.59,22,0.62,21,0.5,14,0.55,11,0.5,6,0.5675675675675675,74
6919,mNHn,22,16,0.58,38,0.71,7,0.71,7,0.5,6,0.62,8,0.5,6,0.6176470588235294,34
6928,mNMn,131,91,0.59,222,0.53,36,0.63,57,0.58,38,0.57,30,0.53,34,0.5743589743589743,195
6956,mNSs,77,73,0.51,150,0.55,20,0.56,25,0.76,17,0.52,21,0.5,14,0.5773195876288659,97
6958,mNbL,13,8,0.62,21,0.67,6,1.0,5,0.6,10,0.88,8,0.75,4,0.7575757575757576,33
6970,mNlP,33,24,0.58,57,0.57,7,0.6,5,0.6,10,0.53,15,0.55,11,0.5625,48
6978,mNmP,74,64,0.54,138,0.6,30,0.53,32,0.62,26,0.61,23,0.57,30,0.5815602836879432,141
7010,mPBb,49,45,0.52,94,0.52,27,0.59,17,0.64,25,0.5,22,0.52,21,0.5535714285714286,112
7035,mPNm,80,76,0.51,156,0.53,30,0.61,28,0.67,30,0.76,17,0.52,31,0.6029411764705882,136
7036,mPNs,57,50,0.53,107,0.62,24,0.61,23,0.53,15,0.58,24,0.67,18,0.6057692307692307,104
7047,mPPn,92,84,0.52,176,0.6,42,0.5,26,0.59,41,0.57,37,0.61,28,0.5747126436781609,174
7052,mPSP,60,51,0.54,111,0.67,24,0.57,21,0.7,23,0.59,27,0.57,30,0.616,125
7071,mPlS,17,14,0.55,31,0.5,10,0.56,9,0.71,7,0.6,10,0.62,8,0.5909090909090909,44
7072,mPlm,23,15,0.61,38,0.67,9,0.67,6,0.5,14,0.75,16,0.62,13,0.6379310344827587,58
7095,mPsm,59,38,0.61,97,0.77,22,0.5,16,0.5,12,0.78,9,0.63,19,0.6410256410256411,78
7100,mSBm,37,36,0.51,73,0.7,20,0.5,18,0.6,10,0.67,6,0.75,4,0.6206896551724138,58
7116,mSNP,53,42,0.56,95,0.62,21,0.55,20,0.65,26,0.57,14,0.59,17,0.6020408163265306,98
7131,mSSh,31,28,0.53,59,0.58,12,0.67,6,0.5,10,0.56,9,0.5,6,0.5581395348837209,43
7137,mSbm,40,22,0.65,62,0.6,15,0.6,10,0.5,8,0.8,5,0.67,3,0.6097560975609756,41
7139,mShS,38,27,0.58,65,0.64,14,0.8,5,0.5,6,0.67,6,0.57,7,0.631578947368421,38
7152,mSnS,59,59,0.5,118,0.77,13,0.62,16,0.55,20,0.5,14,0.54,13,0.5921052631578947,76
7160,mSsm,58,58,0.5,116,0.58,19,0.62,13,0.56,16,0.71,7,0.56,9,0.59375,64
7171,mbHN,25,12,0.68,37,0.5,4,0.55,11,0.67,3,0.71,7,0.55,11,0.5833333333333334,36
7184,mbLN,20,9,0.69,29,0.57,7,0.5,4,0.67,6,0.6,5,0.67,6,0.6071428571428571,28
7193,mbMn,105,77,0.58,182,0.55,40,0.55,31,0.5,26,0.52,44,0.64,36,0.5536723163841808,177
7205,mbNm,78,69,0.53,147,0.54,24,0.52,33,0.58,26,0.6,15,0.55,31,0.5503875968992248,129
7213,mbPm,83,59,0.58,142,0.63,38,0.68,25,0.52,25,0.55,22,0.61,23,0.6015037593984962,133
7218,mbSS,43,29,0.6,72,0.67,9,0.69,13,0.5,16,0.57,7,0.78,9,0.6296296296296297,54
7227,mbbN,106,88,0.55,194,0.54,41,0.59,32,0.55,29,0.67,36,0.52,29,0.5748502994011976,167
7232,mblM,20,18,0.53,38,1.0,6,0.6,5,0.5,6,0.78,9,0.67,6,0.71875,32
7240,mbmm,43,42,0.51,85,0.51,41,0.5,12,0.67,9,0.57,7,0.6,10,0.5443037974683544,79
7249,mbnm,58,59,0.5,117,0.53,15,0.61,18,0.54,13,0.75,12,0.5,14,0.5833333333333334,72
7264,mlMb,19,9,0.68,28,0.75,4,0.67,9,0.75,8,0.75,4,0.5,8,0.6666666666666666,33
7272,mlNm,18,17,0.51,35,0.5,10,0.71,7,0.5,8,1.0,3,0.56,9,0.5945945945945946,37
7329,mmNn,110,96,0.53,206,0.53,43,0.54,39,0.51,35,0.54,24,0.58,33,0.5402298850574713,174
7344,mmSm,47,37,0.56,84,0.52,23,0.5,22,0.5,6,0.5,2,0.5,6,0.5084745762711864,59
7362,mmmn,69,59,0.54,128,0.54,35,0.59,22,0.62,8,0.67,18,0.5,10,0.5806451612903226,93
7368,mmnb,54,54,0.5,108,0.56,32,0.63,19,0.54,24,0.59,17,0.64,22,0.5877192982456141,114
7371,mmnn,73,60,0.55,133,0.61,33,0.62,32,0.53,17,0.64,11,0.5,28,0.5785123966942148,121
7378,mnBB,45,40,0.53,85,0.65,17,0.65,20,0.5,20,0.67,6,0.55,11,0.5945945945945946,74
7386,mnDN,13,12,0.52,25,0.62,8,0.67,3,1.0,1,0.5,2,1.0,2,0.6875,16
7395,mnHn,47,32,0.59,79,0.65,20,0.6,10,0.58,12,0.87,15,0.53,17,0.6486486486486487,74
7401,mnLb,18,14,0.56,32,0.5,4,0.57,7,0.89,9,0.5,4,0.57,7,0.6451612903225806,31
7404,mnMP,78,60,0.57,138,0.57,35,0.58,31,0.58,19,0.54,26,0.57,28,0.5683453237410072,139
7407,mnMm,77,59,0.57,136,0.6,25,0.6,25,0.5,10,0.5,18,0.53,15,0.5591397849462365,93
7425,mnPm,77,69,0.53,146,0.64,36,0.57,37,0.67,24,0.57,21,0.5,32,0.5866666666666667,150
7426,mnPn,74,66,0.53,140,0.53,34,0.54,39,0.56,34,0.51,39,0.54,39,0.5351351351351351,185
7429,mnSN,54,50,0.52,104,0.57,23,0.5,18,0.5,10,0.54,13,0.58,19,0.5421686746987951,83
7432,mnSm,52,49,0.51,101,0.62,21,0.74,19,0.65,17,0.5,6,0.57,14,0.6363636363636364,77
7437,mnbP,65,56,0.54,121,0.57,28,0.56,25,0.59,22,0.59,27,0.63,30,0.5909090909090909,132
7439,mnbb,85,63,0.57,148,0.62,37,0.67,21,0.79,24,0.79,14,0.5,16,0.6696428571428571,112
7467,mnnn,100,77,0.56,177,0.58,33,0.5,30,0.6,30,0.58,24,0.63,38,0.5806451612903226,155
7507,msSS,76,69,0.52,145,0.64,11,0.65,26,0.7,10,0.5,6,0.71,7,0.65,60
7533,mssP,40,35,0.53,75,0.5,12,0.78,9,0.56,9,0.73,11,0.5,4,0.6222222222222222,45
7535,mssn,40,35,0.53,75,0.5,6,0.6,10,0.7,10,0.71,7,0.85,13,0.6956521739130435,46
7541,nBLB,18,13,0.58,31,0.67,6,0.8,5,0.57,7,0.5,4,0.64,11,0.6363636363636364,33
7550,nBNH,12,10,0.55,22,0.67,3,1.0,4,0.78,9,1.0,1,0.57,7,0.75,24
7564,nBSn,29,28,0.51,57,0.75,12,0.53,15,0.63,19,0.6,10,0.5,28,0.5833333333333334,84
7584,nBmm,55,41,0.57,96,0.52,23,0.67,12,0.64,14,0.56,9,0.5,16,0.5675675675675675,74
7637,nHNs,38,36,0.51,74,0.56,9,0.6,15,0.56,16,0.58,12,0.69,16,0.6029411764705882,68
7659,nHhm,27,18,0.6,45,0.6,5,0.6,5,1.0,2,0.5,2,1.0,3,0.7058823529411765,17
7668,nHnH,25,21,0.54,46,0.56,16,0.5,6,0.75,8,0.5,10,0.56,9,0.5714285714285714,49
7673,nHnm,37,35,0.51,72,0.64,14,0.78,9,0.67,9,0.67,6,0.56,16,0.6481481481481481,54
7691,nIMm,16,8,0.67,24,0.5,6,0.5,4,0.88,8,0.5,4,0.5,2,0.625,24
7693,nINn,16,15,0.52,31,0.5,2,0.62,8,0.71,7,0.5,2,0.55,11,0.6,30
7706,nImM,14,14,0.5,28,0.5,4,0.5,6,0.57,7,1.0,1,0.75,4,0.5909090909090909,22
7711,nIsN,13,10,0.57,23,0.75,4,0.75,4,0.67,3,1.0,2,0.67,3,0.75,16
7719,nLMb,13,11,0.54,24,1.0,2,0.88,8,0.62,13,0.5,16,0.88,8,0.6808510638297872,47
7726,nLPm,25,12,0.68,37,0.65,17,0.58,12,0.77,13,0.67,9,0.7,10,0.6721311475409836,61
7727,nLPs,19,14,0.58,33,0.62,8,0.62,8,0.5,10,0.75,8,0.5,10,0.5909090909090909,44
7765,nMNm,78,72,0.52,150,0.63,35,0.58,26,0.65,17,0.6,30,0.65,26,0.6194029850746269,134
7783,nMbN,88,78,0.53,166,0.67,18,0.54,26,0.56,34,0.51,59,0.62,37,0.5632183908045977,174
7791,nMhl,15,13,0.54,28,0.5,8,0.57,7,0.7,10,0.54,13,0.71,14,0.6153846153846154,52
7797,nMjn,14,7,0.67,21,1.0,3,0.67,9,0.67,6,0.89,9,0.7,20,0.7446808510638298,47
7800,nMmD,11,11,0.5,22,0.62,13,0.5,12,0.8,5,0.5,2,0.5,2,0.5882352941176471,34
7818,nMnm,113,93,0.55,206,0.53,32,0.51,43,0.67,21,0.74,27,0.55,44,0.5808383233532934,167
7822,nMsI,13,11,0.54,24,0.5,2,0.8,5,0.67,3,0.5,2,0.5,2,0.6428571428571429,14
7824,nMsN,59,52,0.53,111,0.5,18,0.67,18,0.54,28,0.67,15,0.74,23,0.6176470588235294,102
7872,nNSm,76,70,0.52,146,0.6,35,0.6,15,0.52,23,0.56,25,0.56,27,0.568,125
7879,nNbb,57,58,0.5,115,0.61,23,0.62,21,0.55,31,0.51,51,0.55,44,0.5529411764705883,170
7902,nNms,49,49,0.5,98,0.56,18,0.54,24,0.65,17,0.5,12,0.65,17,0.5795454545454546,88
7908,nNnb,92,71,0.56,163,0.55,33,0.65,34,0.5,50,0.56,57,0.53,45,0.5525114155251142,219
7910,nNnm,105,100,0.51,205,0.59,41,0.69,45,0.55,31,0.55,42,0.55,40,0.5879396984924623,199
7914,nNsI,18,16,0.53,34,0.6,5,0.75,4,0.5,2,0.5,8,0.67,3,0.5909090909090909,22
7925,nNtB,16,12,0.57,28,0.5,2,0.8,5,1.0,3,0.75,4,0.5,4,0.7222222222222222,18
7928,nNtN,28,19,0.6,47,0.6,5,0.67,3,0.58,12,0.7,10,0.73,11,0.6585365853658537,41
7932,nPBP,78,72,0.52,150,0.52,23,0.5,38,0.58,45,0.63,30,0.57,47,0.5628415300546448,183
7948,nPIP,14,10,0.58,24,1.0,5,0.6,5,0.83,6,0.8,5,0.67,3,0.7916666666666666,24
7956,nPLs,23,18,0.56,41,0.56,9,0.6,5,0.5,10,0.71,7,0.53,15,0.5652173913043478,46
7961,nPMm,104,95,0.52,199,0.62,45,0.59,44,0.56,36,0.55,33,0.61,36,0.5876288659793815,194
7999,nPlm,49,24,0.67,73,0.62,13,0.92,12,0.58,12,0.55,22,0.5,26,0.6,85
8006,nPml,31,22,0.58,53,0.67,12,0.56,9,0.75,4,0.5,6,0.57,21,0.5961538461538461,52
8016,nPsD,14,10,0.58,24,0.64,11,0.5,8,0.5,2,0.67,3,1.0,2,0.6153846153846154,26
8020,nPsm,79,59,0.57,138,0.55,29,0.55,33,0.61,31,0.61,23,0.73,26,0.6056338028169014,142
8025,nSBm,48,31,0.61,79,0.59,17,0.85,13,0.71,14,0.55,11,0.69,13,0.6764705882352942,68
8049,nSPS,57,57,0.5,114,0.58,26,0.52,29,0.62,26,0.67,33,0.52,29,0.5804195804195804,143
8063,nSbN,46,33,0.58,79,0.68,19,0.55,20,0.64,22,0.64,25,0.57,30,0.6120689655172413,116
8089,nSnD,13,10,0.57,23,1.0,1,0.75,4,0.5,4,1.0,2,1.0,1,0.75,12
8097,nSnn,68,66,0.51,134,0.57,21,0.52,27,0.58,26,0.66,35,0.52,40,0.5704697986577181,149
8106,nSss,99,77,0.56,176,0.5,20,0.57,21,0.52,27,0.71,17,0.5,12,0.5567010309278351,97
8113,nbBn,73,67,0.52,140,0.52,23,0.61,33,0.66,29,0.61,31,0.53,30,0.589041095890411,146
8117,nbHn,20,19,0.51,39,0.5,6,0.83,6,0.67,3,0.56,9,0.88,8,0.6875,32
8124,nbLm,21,14,0.6,35,0.67,12,0.71,7,0.71,7,0.7,10,0.62,13,0.673469387755102,49
8130,nbMS,42,40,0.51,82,0.5,12,0.55,11,0.5,14,0.52,21,0.73,15,0.5616438356164384,73
8148,nbPm,67,45,0.6,112,0.6,20,0.59,27,0.54,24,0.75,28,0.52,31,0.6,130
8160,nbbN,78,78,0.5,156,0.59,32,0.7,30,0.61,44,0.54,41,0.53,53,0.585,200
8164,nbbm,66,41,0.62,107,0.67,9,0.58,24,0.5,22,0.5,18,0.59,22,0.5578947368421052,95
8183,nbnn,61,60,0.5,121,0.58,24,0.67,21,0.87,15,0.54,46,0.53,36,0.5985915492957746,142
8184,nbns,35,31,0.53,66,0.6,15,0.56,16,0.54,13,0.65,20,0.87,15,0.6455696202531646,79
8189,nlBM,17,12,0.59,29,0.57,7,0.71,7,0.83,6,0.6,10,0.56,9,0.6410256410256411,39
8217,nlSm,19,13,0.59,32,0.67,6,0.67,3,0.75,4,0.5,10,0.5,8,0.5806451612903226,31
8219,nlbN,25,18,0.58,43,0.64,14,0.58,12,0.5,14,0.5,18,0.56,16,0.5540540540540541,74
8225,nlmb,20,20,0.5,40,0.8,5,0.6,5,0.7,10,0.5,4,0.83,6,0.7,30
8226,nlmm,20,13,0.61,33,0.86,7,0.67,6,0.5,4,0.6,5,1.0,6,0.75,28
8241,nmBm,75,53,0.59,128,0.6,20,0.5,18,0.62,16,0.57,14,0.72,18,0.6046511627906976,86
8258,nmHs,40,30,0.57,70,0.67,6,0.58,19,0.5,10,0.58,12,0.58,12,0.576271186440678,59
8265,nmLb,19,9,0.68,28,0.71,7,0.6,5,1.0,3,0.6,5,0.75,4,0.7083333333333334,24
8266,nmLm,16,9,0.64,25,0.67,6,0.54,13,0.7,10,1.0,2,1.0,6,0.7027027027027027,37
8286,nmPP,98,99,0.5,197,0.59,61,0.51,39,0.5,50,0.51,51,0.59,44,0.5428571428571428,245
8304,nmbm,55,49,0.53,104,0.53,19,0.64,22,0.6,10,0.75,12,0.69,13,0.631578947368421,76
8318,nmnP,81,82,0.5,163,0.53,38,0.52,44,0.58,31,0.52,40,0.51,41,0.5309278350515464,194
8319,nmnl,13,13,0.5,26,0.8,5,0.5,2,0.71,7,0.67,3,0.71,14,0.7096774193548387,31
8322,nmsS,52,44,0.54,96,0.5,12,0.67,15,0.75,4,0.5,8,0.53,15,0.5740740740740741,54
8333,nnHL,13,10,0.57,23,0.67,6,0.8,5,0.5,2,1.0,4,0.6,5,0.7272727272727273,22
8336,nnHb,36,24,0.6,60,0.5,16,0.5,12,0.69,16,0.7,10,0.5,18,0.5694444444444444,72
8341,nnIN,12,12,0.5,24,1.0,3,0.67,3,0.71,7,0.6,5,0.5,4,0.6818181818181818,22
8370,nnSN,61,60,0.5,121,0.54,26,0.53,38,0.5,22,0.53,17,0.56,25,0.53125,128
8377,nnbP,75,64,0.54,139,0.6,35,0.64,22,0.59,29,0.51,43,0.59,59,0.5797872340425532,188
8390,nnmM,67,67,0.5,134,0.56,27,0.5,28,0.59,32,0.62,32,0.52,29,0.5608108108108109,148
8393,nnml,14,11,0.56,25,0.5,2,0.5,8,0.57,7,0.6,5,0.5,8,0.5333333333333333,30
8395,nnmn,86,65,0.57,151,0.61,18,0.69,16,0.59,27,0.52,31,0.58,33,0.584,125
8401,nnnb,66,66,0.5,132,0.62,26,0.59,34,0.68,19,0.58,36,0.52,44,0.5849056603773585,159
8412,nnsm,62,35,0.64,97,0.52,21,0.79,19,0.7,20,0.6,15,0.58,26,0.6336633663366337,101
8433,nsLn,22,17,0.56,39,0.6,5,0.83,6,0.8,5,0.6,10,0.67,12,0.6842105263157895,38
8443,nsNS,63,60,0.51,123,0.83,18,0.54,13,0.57,21,0.67,15,0.5,18,0.6235294117647059,85
8447,nsNs,76,77,0.5,153,0.73,11,0.61,23,0.5,22,0.71,7,0.5,26,0.5730337078651685,89
8454,nsSP,61,61,0.5,122,0.53,19,0.65,20,0.52,21,0.55,22,0.62,29,0.5765765765765766,111
8499,sBBm,33,29,0.53,62,0.8,10,0.73,11,0.5,8,0.75,4,0.6,5,0.6842105263157895,38
8505,sBMS,16,12,0.57,28,0.62,8,0.6,5,0.5,2,0.6,5,0.57,7,0.5925925925925926,27
8520,sBSP,28,21,0.57,49,0.83,6,0.5,14,0.75,12,0.57,7,1.0,7,0.6956521739130435,46
8536,sBmm,41,30,0.58,71,0.7,10,0.56,16,0.73,11,0.5,4,0.6,5,0.6304347826086957,46
8543,sBnm,48,35,0.58,83,0.5,18,0.59,17,0.5,14,0.67,6,0.62,8,0.5555555555555556,63
8561,sHBN,42,34,0.55,76,0.69,13,0.67,9,0.5,8,0.57,7,0.5,10,0.5957446808510638,47
8564,sHBm,37,35,0.51,72,0.67,9,0.56,9,0.62,8,0.6,5,0.57,7,0.6052631578947368,38
8587,sHPb,39,23,0.63,62,0.59,17,0.54,13,0.69,16,0.53,17,0.53,17,0.575,80
8588,sHPm,64,46,0.58,110,0.67,18,0.68,25,0.6,15,0.6,20,0.52,23,0.6138613861386139,101
8591,sHSH,31,27,0.53,58,0.5,2,0.62,13,0.5,4,0.6,5,0.67,3,0.5925925925925926,27
8620,sHmb,51,42,0.55,93,0.67,15,0.56,18,0.67,9,0.67,18,0.5,14,0.6081081081081081,74
8623,sHnH,29,19,0.6,48,0.62,8,0.67,9,0.62,8,0.86,7,0.67,9,0.6829268292682927,41
8624,sHnL,17,16,0.52,33,0.5,4,0.75,4,0.6,5,0.58,12,0.67,9,0.6176470588235294,34
8629,sHnn,49,41,0.54,90,0.54,13,0.64,11,0.57,21,0.56,16,0.56,27,0.5681818181818182,88
8639,sIMm,16,8,0.67,24,1.0,3,1.0,3,0.75,4,0.5,2,1.0,1,0.8461538461538461,13
8652,sLMm,25,14,0.64,39,0.6,5,0.75,4,0.5,2,1.0,4,0.5,4,0.6842105263157895,19
8667,sLSm,17,10,0.63,27,0.5,6,0.88,8,0.5,6,1.0,2,1.0,3,0.72,25
8681,sLsP,13,12,0.52,25,0.5,6,0.5,8,0.55,11,0.6,5,0.88,8,0.6052631578947368,38
8712,sMSm,54,45,0.55,99,0.53,17,0.73,11,0.67,12,0.56,9,0.67,9,0.6206896551724138,58
8721,sMhm,43,37,0.54,80,0.62,24,0.5,14,0.5,6,0.75,4,1.0,8,0.6428571428571429,56
8739,sMnb,45,35,0.56,80,0.73,11,0.5,16,0.67,18,0.57,23,0.65,17,0.611764705882353,85
8778,sNSn,76,48,0.61,124,0.5,18,0.7,20,0.5,18,0.62,13,0.71,14,0.6024096385542169,83
8783,sNbm,33,27,0.55,60,0.56,9,0.56,9,0.71,7,0.55,11,0.67,9,0.6,45
8784,sNbn,34,32,0.52,66,0.64,11,0.6,15,0.6,15,0.67,12,0.53,17,0.6,70
8787,sNhm,19,15,0.56,34,0.6,5,0.5,6,0.75,4,1.0,2,1.0,8,0.76,25
8799,sNmm,51,34,0.6,85,0.65,17,0.5,12,0.67,15,1.0,5,0.6,10,0.6440677966101694,59
8801,sNnB,48,41,0.54,89,0.77,13,0.53,17,0.5,14,0.56,16,0.53,15,0.5733333333333334,75
8803,sNnI,16,9,0.64,25,1.0,1,1.0,1,1.0,1,0.5,2,0.75,4,0.7777777777777778,9
8807,sNnm,57,56,0.5,113,0.59,17,0.52,21,0.56,16,0.64,14,0.68,22,0.6,90
8815,sNsl,14,14,0.5,28,0.5,4,0.5,2,0.67,6,0.5,6,0.5,4,0.5454545454545454,22
8889,sPss,57,48,0.54,105,0.58,12,0.58,12,0.55,22,0.57,14,0.54,13,0.5616438356164384,73
8894,sSBs,30,19,0.61,49,0.57,7,0.7,10,0.53,15,0.6,5,0.5,4,0.5853658536585366,41
8929,sSSm,125,97,0.56,222,0.67,27,0.58,31,0.57,21,0.75,4,0.67,12,0.6210526315789474,95
8933,sSbN,62,46,0.57,108,0.64,11,0.57,14,0.53,17,0.53,17,0.69,13,0.5833333333333334,72
8982,sbBn,42,34,0.55,76,0.5,18,0.7,20,0.5,18,0.53,15,0.6,15,0.5697674418604651,86
8999,sbPP,54,32,0.63,86,0.67,24,0.59,27,0.59,29,0.56,25,0.52,27,0.5833333333333334,132
9020,sbmn,36,31,0.54,67,0.6,10,0.6,5,0.56,9,0.62,13,0.71,17,0.6296296296296297,54
9025,sbnb,34,26,0.57,60,0.5,8,0.5,12,0.6,15,0.57,21,0.54,13,0.5507246376811594,69
9051,slNm,18,18,0.5,36,0.6,5,0.75,4,0.78,9,0.67,6,0.83,6,0.7333333333333333,30
9054,slPP,30,19,0.61,49,0.62,13,0.67,9,0.67,12,0.61,23,0.64,14,0.6338028169014085,71
9062,slSs,14,14,0.5,28,1.0,4,0.67,9,0.67,3,0.67,6,0.5,4,0.6923076923076923,26
9068,slnm,15,6,0.71,21,0.8,5,0.67,3,0.6,5,0.5,6,0.6,5,0.625,24
9090,smJn,12,10,0.55,22,1.0,2,1.0,2,0.5,2,1.0,2,0.75,4,0.8333333333333334,12
9113,smPn,54,46,0.54,100,0.71,21,0.78,18,0.54,13,0.59,17,0.67,15,0.6666666666666666,84
9158,snBn,39,35,0.53,74,0.5,14,0.64,14,0.67,15,0.75,12,0.6,15,0.6285714285714286,70
9162,snLn,19,11,0.63,30,0.75,8,0.5,10,0.5,4,0.67,9,0.57,7,0.6052631578947368,38
9193,snbm,34,29,0.54,63,0.88,8,0.67,9,0.56,9,0.7,10,0.5,6,0.6666666666666666,42
9198,snlm,12,10,0.55,22,1.0,3,1.0,3,1.0,4,0.75,4,1.0,2,0.9375,16
9212,snnl,11,11,0.5,22,1.0,4,0.5,2,0.67,6,0.6,5,0.6,5,0.6818181818181818,22
9246,ssNm,65,45,0.59,110,0.62,16,0.73,11,0.5,12,0.5,4,0.5,12,0.5818181818181818,55
9269,sslB,17,11,0.61,28,0.75,4,0.5,4,0.75,8,0.62,8,0.5,8,0.625,32
9299,tSSS,12,10,0.55,22,1.0,2,0.67,3,0.67,6,1.0,3,0.5,2,0.75,16
